{
  "mean": 50.25082034345773,
  "median": 50.25972328183408,
  "variance": 101.3033940688825,
  "std_dev": 10.064958721668088
}